{
    "name": "root",
    "metadata": {
        "timer_format_version": "0.1.0",
        "start_time_seconds": "1621240088",
        "python_version": "3.8.5 (default, Jan 27 2021, 15:41:15) \n[GCC 9.3.0]",
        "command_line_arguments": "train_mlagents.py",
        "end_time_seconds": "1621240150"
    },
    "total": 62.63508771301713,
    "count": 1,
    "self": 0.0003192040603607893,
    "children": {
        "run_training.setup": {
            "total": 0.021100836980622262,
            "count": 1,
            "self": 0.021100836980622262
        },
        "TrainerController.start_learning": {
            "total": 62.613667671976145,
            "count": 1,
            "self": 0.0001023579970933497,
            "children": {
                "TrainerControllerAAI._reset_env": {
                    "total": 62.61356531397905,
                    "count": 1,
                    "self": 62.61356531397905
                }
            }
        }
    }
}